timestamp,document_id,question_id,question_text,user_answer,agent_message_type,agent_confidence,agent_explanation,manual_evaluation
2026-06-20T11:12:55.693233,116782,1356,"Pourquoi le réseau ferré corse, bien que modernisé, reste-t-il peu utilisé par rapport aux transports routiers ?",Car l'offre de transport de train est très limitée,autre,0.85,"Bien que le message soit lié au sujet du réseau ferré en Corse, il ne constitue pas une réponse directe à la question posée (qui cherche des explications sur les raisons de son faible usage). Il s'agit plutôt d'une observation générale sur une caractéristique de l'offre de transport ferroviaire, ce qui ne correspond pas exactement à une réponse explicative complète ou précise comme demandé dans la question initiale.",
2026-06-20T11:36:31.813894,116782,1356,"Pourquoi le réseau ferré corse, bien que modernisé, reste-t-il peu utilisé par rapport aux transports routiers ?",Car l'offre de transport de train est très limitée,reponse,0.9,"Le message mentionne explicitement une **limitation de l'offre de transport ferroviaire** (train), ce qui est directement lié à la question sur les raisons de son faible usage par rapport aux transports routiers. Cela renforce l'idée d'un manque de disponibilité ou de capacité, un facteur potentiellement influençant la faible attractivité du réseau ferré en Corse.",
2026-06-20T11:36:46.061841,116782,1356,"Pourquoi le réseau ferré corse, bien que modernisé, reste-t-il peu utilisé par rapport aux transports routiers ?",Car le train passe rarement,reponse,0.8,"Le message évoque une **fréquence réduite des trains** ('passe rarement'), ce qui est directement lié à la question sur l'utilisation limitée du réseau ferré. Cela suggère un manque de desserte ou de régularité, un facteur clé expliquant son faible attractivité face aux transports routiers.",
2026-06-20T11:36:49.704782,116782,1356,"Pourquoi le réseau ferré corse, bien que modernisé, reste-t-il peu utilisé par rapport aux transports routiers ?",Car le train passe rarement,reponse,0.9,"Le message mentionne que le train 'passe rarement', ce qui est directement lié à la question. Cela renvoie à un problème de **fréquence ou de disponibilité** des services ferroviaires, un facteur majeur expliquant pourquoi le réseau ferré corse reste peu utilisé malgré sa modernisation, par rapport aux transports routiers.",dans_contexte
2026-06-20T11:37:17.291992,116782,1582,Quels sont les deux événements majeurs qui ont marqué la Libération de la Corse en septembre-octobre 1943 ?,Il y a les goumiers marocains qui ont vaincu à Teghime,reponse,0.8,"Le message mentionne les **goumiers marocains**, une unité militaire clé lors de la bataille de Teghime, un événement majeur de la Libération de la Corse en octobre 1943. Bien que ce soit une information partielle, elle est sémantiquement liée à la question en évoquant un contexte historique précis de cette période.",
2026-06-20T11:37:21.942086,116782,1582,Quels sont les deux événements majeurs qui ont marqué la Libération de la Corse en septembre-octobre 1943 ?,Il y a les goumiers marocains qui ont vaincu à Teghime,reponse,0.7,"Le message mentionne les **goumiers marocains** et la **bataille de Teghime**, deux éléments clés liés à la Libération de la Corse en octobre 1943. Bien que ce soit une référence indirecte à un événement majeur, elle est sémantiquement pertinente et contribue à contextualiser la question historique.",dans_contexte
2026-06-20T11:47:03.728821,116782,1582,Quels sont les deux événements majeurs qui ont marqué la Libération de la Corse en septembre-octobre 1943 ?,il a fait très mauvais,hors_sujet,0.0,"Le message mentionne simplement 'il a fait très mauvais', ce qui ne présente aucun lien avec les événements historiques de la Libération de la Corse en septembre-octobre 1943. Aucune connexion sémantique ou contextuelle n'est détectée.",
2026-06-20T11:47:13.067755,116782,1582,Quels sont les deux événements majeurs qui ont marqué la Libération de la Corse en septembre-octobre 1943 ?,il a fait très mauvais,hors_sujet,0.0,"Le message ne mentionne aucun élément lié à la Libération de la Corse en 1943. Il s'agit simplement d'une référence météorologique ('il a fait très mauvais'), sans rapport avec les événements historiques ou contextuels de la question.",hors_sujet
2026-06-20T12:09:48.740822,116782,1356,"Pourquoi le réseau ferré corse, bien que modernisé, reste-t-il peu utilisé par rapport aux transports routiers ?","Malgré la modernisation du réseau ferré corse (CFC) dans les années 2000, les temps de déplacement en chemin de fer restent longs, ce qui ne permet pas de concurrencer la prééminence des transports routiers. De plus, la gestion localiste des micro-territoires et les intérêts locaux primant sur l'intérêt général ont limité le développement d'une politique volontariste en faveur du rail.","car il y a peu d'usagers et donc peu de trains, et peu de destinations possibles",reponse,0.8,"Le message mentionne directement des éléments liés à la faible utilisation du réseau ferré en Corse, notamment 'peu d'usagers' et 'peu de trains', ce qui correspond à des aspects évoqués dans la réponse de référence (manque de fréquentation et de destinations limitées). Ces éléments renforcent la compréhension de la raison pour laquelle le rail ne concurrence pas les transports routiers.",
2026-06-20T12:09:53.127805,116782,1356,"Pourquoi le réseau ferré corse, bien que modernisé, reste-t-il peu utilisé par rapport aux transports routiers ?","Malgré la modernisation du réseau ferré corse (CFC) dans les années 2000, les temps de déplacement en chemin de fer restent longs, ce qui ne permet pas de concurrencer la prééminence des transports routiers. De plus, la gestion localiste des micro-territoires et les intérêts locaux primant sur l'intérêt général ont limité le développement d'une politique volontariste en faveur du rail.","car il y a peu d'usagers et donc peu de trains, et peu de destinations possibles",reponse,0.9,"Le message utilise des termes et des concepts directement liés à la réponse de référence. Il évoque explicitement 'peu d'usagers' et 'peu de trains', ce qui renforce l'idée que la faible fréquentation du réseau ferré en Corse est un facteur clé expliquant son faible usage par rapport aux transports routiers. De plus, il mentionne implicitement 'peu de destinations possibles', ce qui est cohérent avec l'idée d'un réseau moins développé ou moins adapté à la demande. Ces éléments sont en lien sémantique fort avec les causes évoquées dans la réponse de référence.",dans_contexte
